vek_txt,populace,mesto
,124600,Chomutov
,71588,Písek
,128449,Děčín
,196602,České Budějovice
,108504,Prostějov
,166845,Kladno
,115236,Příbram
,214587,Frýdek-Místek
,70532,Strakonice
,119177,Litoměřice
,104000,Svitavy
,194840,Plzeň-město
,109987,Mělník
,49489,Rokycany
,86364,Louny
,317322,Ostrava-město
,142703,Vsetín
,116482,Břeclav
,114374,Karlovy Vary
,72298,Pelhřimov
,102998,Česká Lípa
,128901,Přerov
,164435,Hradec Králové
,153607,Hodonín
,114552,Znojmo
,118651,Ústí nad Labem
,151398,Nový Jičín
,90198,Jablonec nad Nisou
,175777,Opava
,235441,Olomouc
,104708,Chrudim
,94612,Havlíčkův Brod
,86253,Klatovy
,104826,Kroměříž
,110933,Most
,102451,Tábor
,110337,Třebíč
,242779,Karviná
,119967,Šumperk
,382405,Brno-město
,117414,Trutnov
,190960,Zlín
,141630,Uherské Hradiště
,128830,Teplice
,175465,Liberec
,176137,Pardubice
,91434,Cheb
,113664,Jihlava
,103773,Kolín
,101698,Nymburk
,131042,Mladá Boleslav
25-30,4847,Klatovy
25-30,10990,Plzeň-město
25-30,2876,Rokycany
25-30,5130,Cheb
25-30,6255,Karlovy Vary
25-30,7367,Děčín
25-30,6785,Litoměřice
25-30,7401,Chomutov
25-30,4956,Louny
25-30,6610,Most
25-30,7495,Teplice
25-30,6990,Ústí nad Labem
25-30,6032,Česká Lípa
25-30,5017,Jablonec nad Nisou
25-30,10121,Liberec
25-30,9385,Hradec Králové
25-30,6494,Trutnov
25-30,6290,Chrudim
25-30,10172,Pardubice
25-30,6383,Svitavy
25-30,5452,Havlíčkův Brod
25-30,6670,Jihlava
25-30,4222,Pelhřimov
25-30,6787,Třebíč
25-30,23145,Brno-město
25-30,6853,Břeclav
25-30,9202,Hodonín
25-30,6990,Znojmo
25-30,13455,Olomouc
25-30,6127,Prostějov
25-30,7554,Přerov
25-30,7027,Šumperk
25-30,6062,Kroměříž
25-30,8261,Uherské Hradiště
25-30,8589,Vsetín
25-30,10740,Zlín
25-30,12613,Frýdek-Místek
25-30,14741,Karviná
25-30,9192,Nový Jičín
25-30,9965,Opava
25-30,19019,Ostrava-město
25-30,9298,Kladno
25-30,5810,Kolín
25-30,6378,Mělník
25-30,7778,Mladá Boleslav
25-30,5515,Nymburk
25-30,6321,Příbram
25-30,11500,České Budějovice
25-30,4067,Písek
25-30,3959,Strakonice
25-30,5806,Tábor
55-60,10512,Kladno
55-60,6024,Kolín
55-60,6659,Mělník
55-60,7525,Mladá Boleslav
55-60,5713,Nymburk
55-60,7477,Příbram
55-60,12286,České Budějovice
55-60,4598,Písek
55-60,4607,Strakonice
55-60,6603,Tábor
55-60,5767,Klatovy
55-60,11641,Plzeň-město
55-60,3096,Rokycany
55-60,5898,Cheb
55-60,7785,Karlovy Vary
55-60,7758,Děčín
55-60,8267,Chomutov
55-60,7267,Litoměřice
55-60,5447,Louny
55-60,7704,Most
55-60,8189,Teplice
55-60,7242,Ústí nad Labem
55-60,6425,Česká Lípa
55-60,5432,Jablonec nad Nisou
55-60,10312,Liberec
55-60,9841,Hradec Králové
55-60,7391,Trutnov
55-60,6772,Chrudim
55-60,10527,Pardubice
55-60,6519,Svitavy
55-60,6225,Havlíčkův Brod
55-60,7166,Jihlava
55-60,4742,Pelhřimov
55-60,7423,Třebíč
55-60,22826,Brno-město
55-60,7569,Břeclav
55-60,10550,Hodonín
55-60,6913,Prostějov
55-60,7182,Znojmo
55-60,14566,Olomouc
55-60,8574,Přerov
55-60,7542,Šumperk
55-60,6877,Kroměříž
55-60,9607,Uherské Hradiště
55-60,9754,Vsetín
55-60,12498,Zlín
55-60,14635,Frýdek-Místek
55-60,17839,Karviná
55-60,9786,Nový Jičín
55-60,11723,Opava
55-60,21638,Ostrava-město
15-20,7932,Kladno
15-20,4818,Kolín
15-20,5306,Mělník
15-20,5820,Mladá Boleslav
15-20,5069,Nymburk
15-20,5410,Příbram
15-20,8875,České Budějovice
15-20,3281,Písek
15-20,3290,Strakonice
15-20,4764,Tábor
15-20,4155,Klatovy
15-20,7963,Plzeň-město
15-20,2153,Rokycany
15-20,4412,Cheb
15-20,5118,Karlovy Vary
15-20,5761,Litoměřice
15-20,6753,Děčín
15-20,6231,Chomutov
15-20,4267,Louny
15-20,5496,Most
15-20,6352,Teplice
15-20,6132,Ústí nad Labem
15-20,4942,Česká Lípa
15-20,4198,Jablonec nad Nisou
15-20,8306,Liberec
15-20,7264,Hradec Králové
15-20,5569,Trutnov
15-20,4986,Chrudim
15-20,7502,Pardubice
15-20,5096,Svitavy
15-20,4397,Havlíčkův Brod
15-20,5287,Jihlava
15-20,3351,Pelhřimov
15-20,5227,Třebíč
15-20,15363,Brno-město
15-20,5173,Břeclav
15-20,6912,Hodonín
15-20,5418,Znojmo
15-20,10762,Olomouc
15-20,5141,Prostějov
15-20,5988,Přerov
15-20,5607,Šumperk
15-20,4833,Kroměříž
15-20,6466,Uherské Hradiště
15-20,6685,Vsetín
15-20,8788,Zlín
15-20,10098,Frýdek-Místek
15-20,11100,Karviná
15-20,7286,Nový Jičín
15-20,8450,Opava
15-20,14729,Ostrava-město
20-25,7072,Kladno
20-25,4335,Kolín
20-25,4750,Mělník
20-25,5625,Mladá Boleslav
20-25,4408,Nymburk
20-25,5136,Příbram
20-25,8393,České Budějovice
20-25,3346,Písek
20-25,3067,Strakonice
20-25,4616,Tábor
20-25,3926,Klatovy
20-25,7996,Plzeň-město
20-25,2148,Rokycany
20-25,4205,Cheb
20-25,4959,Karlovy Vary
20-25,6201,Děčín
20-25,5995,Chomutov
20-25,5297,Litoměřice
20-25,5604,Ústí nad Labem
20-25,4130,Louny
20-25,5249,Most
20-25,5914,Teplice
20-25,5092,Česká Lípa
20-25,4085,Jablonec nad Nisou
20-25,8133,Liberec
20-25,7332,Hradec Králové
20-25,5456,Trutnov
20-25,5067,Chrudim
20-25,7945,Pardubice
20-25,5185,Svitavy
20-25,4442,Havlíčkův Brod
20-25,5213,Jihlava
20-25,3488,Pelhřimov
20-25,5282,Třebíč
20-25,15401,Brno-město
20-25,5155,Břeclav
20-25,6894,Hodonín
20-25,5417,Znojmo
20-25,10135,Olomouc
20-25,4860,Prostějov
20-25,5851,Přerov
20-25,5588,Šumperk
20-25,4664,Kroměříž
20-25,6392,Uherské Hradiště
20-25,6819,Vsetín
20-25,8444,Zlín
20-25,9959,Frýdek-Místek
20-25,11378,Karviná
20-25,7134,Nový Jičín
20-25,8112,Opava
20-25,14490,Ostrava-město
30-35,10846,Kladno
30-35,7069,Kolín
30-35,7432,Mělník
30-35,9154,Mladá Boleslav
30-35,6482,Nymburk
30-35,7235,Příbram
30-35,13547,České Budějovice
30-35,4416,Písek
30-35,4426,Strakonice
30-35,6141,Tábor
30-35,5065,Klatovy
30-35,14364,Plzeň-město
30-35,4425,Pelhřimov
30-35,5828,Havlíčkův Brod
30-35,7457,Jihlava
30-35,6911,Třebíč
30-35,30151,Brno-město
30-35,7510,Břeclav
30-35,9558,Hodonín
30-35,7302,Znojmo
30-35,15607,Olomouc
30-35,6773,Prostějov
30-35,8195,Přerov
30-35,7542,Šumperk
30-35,6485,Kroměříž
30-35,8952,Uherské Hradiště
30-35,9147,Vsetín
30-35,12394,Zlín
30-35,14199,Frýdek-Místek
30-35,16064,Karviná
30-35,10035,Nový Jičín
30-35,11573,Opava
30-35,22327,Ostrava-město
30-35,7242,Karlovy Vary
30-35,3286,Rokycany
30-35,5815,Cheb
30-35,7639,Děčín
30-35,8430,Chomutov
30-35,7384,Litoměřice
30-35,5433,Louny
30-35,7278,Most
30-35,8333,Teplice
30-35,7469,Ústí nad Labem
30-35,6698,Česká Lípa
30-35,5529,Jablonec nad Nisou
30-35,11750,Liberec
30-35,10499,Hradec Králové
30-35,7153,Trutnov
30-35,6731,Chrudim
30-35,12297,Pardubice
30-35,6339,Svitavy
40-45,14315,Kladno
40-45,9066,Kolín
40-45,9507,Mělník
40-45,12068,Mladá Boleslav
40-45,9401,Nymburk
40-45,9556,Příbram
40-45,16412,České Budějovice
40-45,5602,Písek
40-45,5667,Strakonice
40-45,8047,Tábor
40-45,6670,Klatovy
40-45,16562,Plzeň-město
40-45,4094,Rokycany
40-45,7358,Cheb
40-45,9050,Karlovy Vary
40-45,9962,Děčín
40-45,10151,Chomutov
40-45,10192,Litoměřice
40-45,6993,Louny
40-45,8618,Most
40-45,10559,Teplice
40-45,9645,Ústí nad Labem
40-45,8704,Česká Lípa
40-45,7450,Jablonec nad Nisou
40-45,14587,Liberec
40-45,13105,Hradec Králové
40-45,9369,Trutnov
40-45,8374,Chrudim
40-45,14904,Pardubice
40-45,8206,Svitavy
40-45,7278,Havlíčkův Brod
40-45,9321,Jihlava
40-45,5565,Pelhřimov
40-45,8466,Třebíč
40-45,32076,Brno-město
40-45,9615,Břeclav
40-45,12260,Hodonín
40-45,9130,Znojmo
40-45,19921,Olomouc
40-45,9033,Prostějov
40-45,9885,Přerov
40-45,9493,Šumperk
40-45,8249,Kroměříž
40-45,12037,Nový Jičín
40-45,16968,Frýdek-Místek
40-45,17534,Karviná
40-45,14064,Opava
40-45,24860,Ostrava-město
40-45,11173,Uherské Hradiště
40-45,11022,Vsetín
40-45,15566,Zlín
50-55,11189,Kladno
50-55,6404,Kolín
50-55,7268,Mělník
50-55,8517,Mladá Boleslav
50-55,6394,Nymburk
50-55,7399,Příbram
50-55,12606,České Budějovice
50-55,4614,Písek
50-55,4624,Strakonice
50-55,6576,Tábor
50-55,5830,Klatovy
50-55,12019,Plzeň-město
50-55,3287,Rokycany
50-55,6189,Cheb
50-55,7778,Karlovy Vary
50-55,8296,Děčín
50-55,8532,Chomutov
50-55,7699,Litoměřice
50-55,7774,Ústí nad Labem
50-55,5508,Louny
50-55,7585,Most
50-55,8847,Teplice
50-55,6545,Česká Lípa
50-55,5822,Jablonec nad Nisou
50-55,11082,Liberec
50-55,10436,Hradec Králové
50-55,7946,Trutnov
50-55,6531,Chrudim
50-55,11128,Pardubice
50-55,6637,Svitavy
50-55,6054,Havlíčkův Brod
50-55,7297,Jihlava
50-55,4796,Pelhřimov
50-55,7194,Třebíč
50-55,22525,Brno-město
50-55,8017,Břeclav
50-55,10581,Hodonín
50-55,7588,Znojmo
50-55,14583,Olomouc
50-55,6830,Prostějov
50-55,8943,Přerov
50-55,7781,Šumperk
50-55,6853,Kroměříž
50-55,9603,Uherské Hradiště
50-55,9456,Vsetín
50-55,12209,Zlín
50-55,14364,Frýdek-Místek
50-55,17507,Karviná
50-55,10182,Nový Jičín
50-55,11264,Opava
50-55,21392,Ostrava-město
45-50,14426,Kladno
45-50,8633,Kolín
45-50,8843,Nymburk
45-50,9549,Mělník
45-50,11328,Mladá Boleslav
45-50,9556,Příbram
45-50,16025,České Budějovice
45-50,5781,Písek
45-50,5566,Strakonice
45-50,8357,Tábor
45-50,7088,Klatovy
45-50,15755,Plzeň-město
45-50,4114,Rokycany
45-50,7866,Cheb
45-50,9808,Karlovy Vary
45-50,11174,Děčín
45-50,10397,Chomutov
45-50,10026,Litoměřice
45-50,7362,Louny
45-50,9182,Most
45-50,11344,Teplice
45-50,10266,Ústí nad Labem
45-50,8546,Česká Lípa
45-50,7521,Jablonec nad Nisou
45-50,15186,Liberec
45-50,13167,Hradec Králové
45-50,9775,Trutnov
45-50,8168,Chrudim
45-50,14714,Pardubice
45-50,8679,Svitavy
45-50,7507,Havlíčkův Brod
45-50,9235,Jihlava
45-50,5837,Pelhřimov
45-50,8889,Třebíč
45-50,9583,Břeclav
45-50,28973,Brno-město
45-50,12401,Hodonín
45-50,9366,Znojmo
45-50,19242,Olomouc
45-50,8906,Prostějov
45-50,10660,Přerov
45-50,9857,Šumperk
45-50,8581,Kroměříž
45-50,11400,Uherské Hradiště
45-50,15697,Zlín
45-50,17559,Frýdek-Místek
45-50,19064,Karviná
45-50,12149,Nový Jičín
45-50,14277,Opava
45-50,25408,Ostrava-město
45-50,11538,Vsetín
35-40,4461,Písek
35-40,13660,České Budějovice
35-40,4628,Strakonice
35-40,6648,Tábor
35-40,5357,Klatovy
35-40,15294,Plzeň-město
35-40,3405,Rokycany
35-40,5951,Cheb
35-40,7430,Karlovy Vary
35-40,7929,Děčín
35-40,8883,Chomutov
35-40,7929,Litoměřice
35-40,5907,Louny
35-40,7354,Most
35-40,8735,Teplice
35-40,7642,Ústí nad Labem
35-40,7043,Česká Lípa
35-40,6031,Jablonec nad Nisou
35-40,12021,Liberec
35-40,10970,Hradec Králové
35-40,7281,Trutnov
35-40,6787,Chrudim
35-40,12848,Pardubice
35-40,6638,Svitavy
35-40,6163,Havlíčkův Brod
35-40,7769,Jihlava
35-40,4696,Pelhřimov
35-40,7197,Třebíč
35-40,30751,Brno-město
35-40,8146,Břeclav
35-40,10310,Hodonín
35-40,7669,Znojmo
35-40,16486,Olomouc
35-40,7316,Prostějov
35-40,8210,Přerov
35-40,7280,Šumperk
35-40,6949,Kroměříž
35-40,9468,Uherské Hradiště
35-40,9139,Vsetín
35-40,12707,Zlín
35-40,14220,Frýdek-Místek
35-40,15516,Karviná
35-40,9874,Nový Jičín
35-40,11745,Opava
35-40,21282,Ostrava-město
35-40,11791,Kladno
35-40,7707,Kolín
35-40,7842,Mělník
35-40,9920,Mladá Boleslav
35-40,7192,Nymburk
35-40,7649,Příbram
60-65,3002,Rokycany
60-65,5735,Cheb
60-65,7379,Karlovy Vary
60-65,7286,Děčín
60-65,7532,Chomutov
60-65,7009,Litoměřice
60-65,5248,Louny
60-65,6040,Havlíčkův Brod
60-65,5546,Klatovy
60-65,11015,Plzeň-město
60-65,6760,Most
60-65,7369,Teplice
60-65,6374,Ústí nad Labem
60-65,6118,Česká Lípa
60-65,5038,Jablonec nad Nisou
60-65,9183,Liberec
60-65,9727,Hradec Králové
60-65,7010,Trutnov
60-65,6435,Chrudim
60-65,10131,Pardubice
60-65,6389,Svitavy
60-65,7045,Jihlava
60-65,4710,Pelhřimov
60-65,7215,Třebíč
60-65,21442,Brno-město
60-65,7268,Břeclav
60-65,10221,Hodonín
60-65,7151,Znojmo
60-65,14057,Olomouc
60-65,6633,Prostějov
60-65,8197,Přerov
60-65,7562,Šumperk
60-65,6758,Kroměříž
60-65,9218,Uherské Hradiště
60-65,8906,Vsetín
60-65,11995,Zlín
60-65,13132,Frýdek-Místek
60-65,15912,Karviná
60-65,9218,Nový Jičín
60-65,11450,Opava
60-65,18946,Ostrava-město
60-65,8969,Kladno
60-65,5708,Kolín
60-65,5800,Mělník
60-65,7283,Mladá Boleslav
60-65,5582,Nymburk
60-65,7254,Příbram
60-65,11682,České Budějovice
60-65,4424,Písek
60-65,4567,Strakonice
60-65,6654,Tábor
75-80,4948,Trutnov
75-80,4135,Chrudim
75-80,6649,Pardubice
75-80,4041,Svitavy
75-80,3849,Havlíčkův Brod
75-80,4137,Jihlava
75-80,3177,Pelhřimov
75-80,4324,Třebíč
75-80,16807,Brno-město
75-80,4453,Břeclav
75-80,6315,Hodonín
75-80,4060,Znojmo
75-80,9080,Olomouc
75-80,4495,Prostějov
75-80,5548,Přerov
75-80,4682,Šumperk
75-80,4122,Kroměříž
75-80,5730,Uherské Hradiště
75-80,5813,Vsetín
75-80,7664,Zlín
75-80,8341,Frýdek-Místek
75-80,10679,Karviná
75-80,5722,Nový Jičín
75-80,6248,Opava
75-80,13351,Ostrava-město
75-80,6395,Kladno
75-80,3895,Kolín
75-80,4044,Mělník
75-80,4484,Mladá Boleslav
75-80,3652,Nymburk
75-80,4393,Příbram
75-80,7483,České Budějovice
75-80,3055,Písek
75-80,2942,Strakonice
75-80,4135,Tábor
75-80,3723,Klatovy
75-80,8656,Plzeň-město
75-80,1955,Rokycany
75-80,3381,Cheb
75-80,4525,Karlovy Vary
75-80,4957,Děčín
75-80,4052,Chomutov
75-80,4509,Litoměřice
75-80,2929,Louny
75-80,4080,Most
75-80,4823,Teplice
75-80,4435,Ústí nad Labem
75-80,3444,Česká Lípa
75-80,3645,Jablonec nad Nisou
75-80,6573,Liberec
75-80,7247,Hradec Králové
65-70,10112,Kladno
65-70,6327,Kolín
65-70,6432,Mělník
65-70,7983,Mladá Boleslav
65-70,6145,Nymburk
65-70,7721,Příbram
65-70,12205,České Budějovice
65-70,7023,Tábor
65-70,4937,Písek
65-70,4769,Strakonice
65-70,6066,Klatovy
65-70,12137,Plzeň-město
65-70,3274,Rokycany
65-70,6150,Cheb
65-70,7956,Karlovy Vary
65-70,8882,Děčín
65-70,7801,Chomutov
65-70,7929,Litoměřice
65-70,5859,Louny
65-70,6978,Most
65-70,8016,Teplice
65-70,7311,Ústí nad Labem
65-70,6685,Česká Lípa
65-70,5935,Jablonec nad Nisou
65-70,10949,Liberec
65-70,10943,Hradec Králové
65-70,8087,Trutnov
65-70,7120,Chrudim
65-70,10998,Pardubice
65-70,6862,Svitavy
65-70,6397,Havlíčkův Brod
65-70,6955,Jihlava
65-70,4697,Pelhřimov
65-70,7288,Třebíč
65-70,22547,Brno-město
65-70,7658,Břeclav
65-70,10347,Hodonín
65-70,7594,Znojmo
65-70,14851,Olomouc
65-70,7059,Prostějov
65-70,8401,Přerov
65-70,8237,Šumperk
65-70,7276,Kroměříž
65-70,9000,Uherské Hradiště
65-70,9013,Vsetín
65-70,12735,Zlín
65-70,13503,Frýdek-Místek
65-70,15612,Karviná
65-70,9662,Nový Jičín
65-70,11590,Opava
65-70,19816,Ostrava-město
10-15,7346,Uherské Hradiště
10-15,6973,Přerov
10-15,6703,Šumperk
10-15,5600,Kroměříž
10-15,7729,Vsetín
10-15,10270,Zlín
10-15,12062,Frýdek-Místek
10-15,12891,Karviná
10-15,8525,Nový Jičín
10-15,9963,Opava
10-15,17059,Ostrava-město
10-15,5951,Kolín
10-15,9811,Kladno
10-15,6523,Mělník
10-15,7584,Mladá Boleslav
10-15,6411,Nymburk
10-15,6206,Příbram
10-15,11068,České Budějovice
10-15,3817,Písek
10-15,3932,Strakonice
10-15,5624,Tábor
10-15,4618,Klatovy
10-15,10262,Plzeň-město
10-15,2647,Rokycany
10-15,5387,Cheb
10-15,6291,Karlovy Vary
10-15,7829,Děčín
10-15,7227,Chomutov
10-15,6949,Litoměřice
10-15,5116,Louny
10-15,6598,Most
10-15,7522,Teplice
10-15,7071,Ústí nad Labem
10-15,6129,Česká Lípa
10-15,5207,Jablonec nad Nisou
10-15,10402,Liberec
10-15,9102,Hradec Králové
10-15,6603,Trutnov
10-15,5574,Chrudim
10-15,9712,Pardubice
10-15,5860,Svitavy
10-15,5088,Havlíčkův Brod
10-15,6489,Jihlava
10-15,3635,Pelhřimov
10-15,5689,Třebíč
10-15,18650,Brno-město
10-15,6078,Břeclav
10-15,7719,Hodonín
10-15,6301,Znojmo
10-15,13123,Olomouc
10-15,6144,Prostějov
85-90,1999,Kladno
85-90,1358,Kolín
85-90,1214,Mělník
85-90,1508,Mladá Boleslav
85-90,1195,Nymburk
85-90,1535,Příbram
85-90,2664,České Budějovice
85-90,1093,Písek
85-90,980,Strakonice
85-90,1562,Tábor
85-90,1268,Klatovy
85-90,2873,Plzeň-město
85-90,661,Rokycany
85-90,1058,Cheb
85-90,1542,Karlovy Vary
85-90,1439,Děčín
85-90,1091,Chomutov
85-90,1401,Litoměřice
85-90,884,Louny
85-90,1107,Most
85-90,1242,Teplice
85-90,1383,Ústí nad Labem
85-90,1018,Česká Lípa
85-90,1107,Jablonec nad Nisou
85-90,2009,Liberec
85-90,2654,Hradec Králové
85-90,1490,Trutnov
85-90,1517,Chrudim
85-90,2696,Pardubice
85-90,1392,Svitavy
85-90,1389,Havlíčkův Brod
85-90,1581,Jihlava
85-90,1058,Pelhřimov
85-90,1663,Třebíč
85-90,5946,Brno-město
85-90,1393,Břeclav
85-90,2170,Hodonín
85-90,1410,Znojmo
85-90,3300,Olomouc
85-90,1490,Prostějov
85-90,1845,Přerov
85-90,1608,Šumperk
85-90,1476,Kroměříž
85-90,2175,Uherské Hradiště
85-90,1998,Vsetín
85-90,3085,Zlín
85-90,2210,Opava
85-90,2530,Frýdek-Místek
85-90,2908,Karviná
85-90,1724,Nový Jičín
85-90,4044,Ostrava-město
70-75,9475,Kladno
70-75,5837,Kolín
70-75,6171,Mělník
70-75,7063,Mladá Boleslav
70-75,5698,Nymburk
70-75,7065,Příbram
70-75,10912,České Budějovice
70-75,4555,Písek
70-75,4159,Strakonice
70-75,6336,Tábor
70-75,5552,Klatovy
70-75,10968,Plzeň-město
70-75,3005,Rokycany
70-75,5654,Cheb
70-75,7228,Karlovy Vary
70-75,8874,Děčín
70-75,7232,Chomutov
70-75,7503,Litoměřice
70-75,5385,Louny
70-75,6580,Most
70-75,8047,Teplice
70-75,7714,Ústí nad Labem
70-75,6527,Česká Lípa
70-75,5969,Jablonec nad Nisou
70-75,11064,Liberec
70-75,10237,Hradec Králové
70-75,7983,Trutnov
70-75,6103,Chrudim
70-75,9635,Pardubice
70-75,6307,Svitavy
70-75,5718,Havlíčkův Brod
70-75,6587,Jihlava
70-75,4438,Pelhřimov
70-75,6411,Třebíč
70-75,21314,Brno-město
70-75,6896,Břeclav
70-75,8903,Hodonín
70-75,6939,Znojmo
70-75,13400,Olomouc
70-75,6415,Prostějov
70-75,7535,Přerov
70-75,7837,Šumperk
70-75,6323,Kroměříž
70-75,8154,Uherské Hradiště
70-75,8208,Vsetín
70-75,10923,Zlín
70-75,12036,Frýdek-Místek
70-75,13981,Karviná
70-75,8716,Nový Jičín
70-75,9754,Opava
70-75,17964,Ostrava-město
90-95,712,Kladno
90-95,502,Kolín
90-95,468,Mělník
90-95,588,Mladá Boleslav
90-95,403,Nymburk
90-95,593,Příbram
90-95,979,České Budějovice
90-95,444,Písek
90-95,350,Strakonice
90-95,601,Tábor
90-95,448,Klatovy
90-95,1109,Plzeň-město
90-95,249,Rokycany
90-95,373,Cheb
90-95,581,Karlovy Vary
90-95,526,Děčín
90-95,374,Chomutov
90-95,479,Litoměřice
90-95,297,Louny
90-95,383,Most
90-95,473,Teplice
90-95,511,Ústí nad Labem
90-95,335,Česká Lípa
90-95,445,Jablonec nad Nisou
90-95,825,Liberec
90-95,1021,Hradec Králové
90-95,626,Trutnov
90-95,488,Chrudim
90-95,1063,Pardubice
90-95,473,Svitavy
90-95,481,Havlíčkův Brod
90-95,591,Jihlava
90-95,377,Pelhřimov
90-95,664,Třebíč
90-95,2744,Brno-město
90-95,541,Břeclav
90-95,809,Hodonín
90-95,521,Znojmo
90-95,1240,Olomouc
90-95,611,Prostějov
90-95,703,Přerov
90-95,602,Šumperk
90-95,589,Kroměříž
90-95,795,Uherské Hradiště
90-95,729,Vsetín
90-95,1049,Zlín
90-95,1011,Frýdek-Místek
90-95,1061,Karviná
90-95,645,Nový Jičín
90-95,775,Opava
90-95,1601,Ostrava-město
80-85,3509,Kladno
80-85,2337,Kolín
80-85,2213,Mělník
80-85,2593,Mladá Boleslav
80-85,2014,Nymburk
80-85,9972,Brno-město
80-85,2606,Břeclav
80-85,3843,Hodonín
80-85,2462,Znojmo
80-85,5571,Olomouc
80-85,2638,Prostějov
80-85,3407,Přerov
80-85,3003,Šumperk
80-85,2609,Kroměříž
80-85,3822,Uherské Hradiště
80-85,3575,Vsetín
80-85,5059,Zlín
80-85,4876,Frýdek-Místek
80-85,6189,Karviná
80-85,3393,Nový Jičín
80-85,4492,Opava
80-85,7891,Ostrava-město
80-85,2652,Příbram
80-85,4191,České Budějovice
80-85,1901,Písek
80-85,1804,Strakonice
80-85,2578,Tábor
80-85,2114,Klatovy
80-85,5043,Plzeň-město
80-85,1098,Rokycany
80-85,2081,Cheb
80-85,2967,Karlovy Vary
80-85,2578,Děčín
80-85,2442,Chomutov
80-85,2475,Litoměřice
80-85,1720,Louny
80-85,2358,Most
80-85,2697,Teplice
80-85,2548,Ústí nad Labem
80-85,2029,Česká Lípa
80-85,2010,Jablonec nad Nisou
80-85,3620,Liberec
80-85,4358,Hradec Králové
80-85,2735,Trutnov
80-85,2586,Chrudim
80-85,4324,Pardubice
80-85,2350,Svitavy
80-85,2389,Havlíčkův Brod
80-85,2706,Jihlava
80-85,1991,Pelhřimov
80-85,2733,Třebíč
95+,121,Kladno
95+,127,Kolín
95+,103,Mělník
95+,124,Mladá Boleslav
95+,84,Nymburk
95+,111,Příbram
95+,194,České Budějovice
95+,81,Písek
95+,65,Strakonice
95+,97,Tábor
95+,86,Klatovy
95+,187,Plzeň-město
95+,44,Rokycany
95+,89,Cheb
95+,103,Karlovy Vary
95+,117,Děčín
95+,86,Chomutov
95+,92,Litoměřice
95+,62,Louny
95+,87,Most
95+,78,Teplice
95+,127,Ústí nad Labem
95+,75,Česká Lípa
95+,113,Jablonec nad Nisou
95+,168,Liberec
95+,199,Hradec Králové
95+,117,Trutnov
95+,106,Chrudim
95+,185,Pardubice
95+,82,Svitavy
95+,65,Havlíčkův Brod
95+,96,Jihlava
95+,64,Pelhřimov
95+,113,Třebíč
95+,632,Brno-město
95+,116,Břeclav
95+,155,Hodonín
95+,133,Znojmo
95+,269,Olomouc
95+,133,Prostějov
95+,124,Přerov
95+,115,Šumperk
95+,135,Kroměříž
95+,151,Uherské Hradiště
95+,130,Vsetín
95+,194,Zlín
95+,232,Frýdek-Místek
95+,221,Karviná
95+,135,Nový Jičín
95+,173,Opava
95+,291,Ostrava-město
05-10,9372,Kladno
05-10,5858,Kolín
05-10,6127,Mělník
05-10,7038,Mladá Boleslav
05-10,5863,Nymburk
05-10,5930,Příbram
05-10,10768,České Budějovice
05-10,3541,Písek
05-10,3583,Strakonice
05-10,5095,Tábor
05-10,4045,Klatovy
05-10,9798,Plzeň-město
05-10,2492,Rokycany
05-10,4497,Cheb
05-10,5210,Karlovy Vary
05-10,6648,Děčín
05-10,6197,Chomutov
05-10,6490,Litoměřice
05-10,4492,Louny
05-10,5544,Most
05-10,6428,Teplice
05-10,6188,Ústí nad Labem
05-10,5376,Česká Lípa
05-10,4703,Jablonec nad Nisou
05-10,9494,Liberec
05-10,8281,Hradec Králové
05-10,5767,Trutnov
05-10,5358,Chrudim
05-10,9268,Pardubice
05-10,5187,Svitavy
05-10,4788,Havlíčkův Brod
05-10,6016,Jihlava
05-10,3466,Pelhřimov
05-10,5375,Třebíč
05-10,19338,Brno-město
05-10,5783,Břeclav
05-10,7142,Hodonín
05-10,5714,Znojmo
05-10,12763,Olomouc
05-10,5440,Prostějov
05-10,5931,Přerov
05-10,5811,Šumperk
05-10,5032,Kroměříž
05-10,6802,Uherské Hradiště
05-10,7120,Vsetín
05-10,9230,Zlín
05-10,11080,Frýdek-Místek
05-10,11165,Karviná
05-10,7797,Nový Jičín
05-10,8894,Opava
05-10,15212,Ostrava-město
0-5,8989,Kladno
0-5,6007,Kolín
0-5,6201,Mělník
0-5,7059,Mladá Boleslav
0-5,5634,Nymburk
0-5,6037,Příbram
0-5,11152,České Budějovice
0-5,3574,Písek
0-5,3547,Strakonice
0-5,5188,Tábor
0-5,4082,Klatovy
0-5,10208,Plzeň-město
0-5,2603,Rokycany
0-5,4205,Cheb
0-5,5167,Karlovy Vary
0-5,6234,Děčín
0-5,6279,Chomutov
0-5,6001,Litoměřice
0-5,4369,Louny
0-5,5382,Most
0-5,6367,Teplice
0-5,6225,Ústí nad Labem
0-5,5235,Česká Lípa
0-5,4941,Jablonec nad Nisou
0-5,9680,Liberec
0-5,8667,Hradec Králové
0-5,5614,Trutnov
0-5,5580,Chrudim
0-5,9439,Pardubice
0-5,5375,Svitavy
0-5,5062,Havlíčkův Brod
0-5,6046,Jihlava
0-5,3563,Pelhřimov
0-5,5486,Třebíč
0-5,21802,Brno-město
0-5,6069,Břeclav
0-5,7315,Hodonín
0-5,6205,Znojmo
0-5,13030,Olomouc
0-5,5547,Prostějov
0-5,6377,Přerov
0-5,6090,Šumperk
0-5,5353,Kroměříž
0-5,7115,Uherské Hradiště
0-5,7333,Vsetín
0-5,9713,Zlín
0-5,11169,Frýdek-Místek
0-5,11417,Karviná
0-5,8186,Nový Jičín
0-5,9055,Opava
0-5,16002,Ostrava-město
